,Type,Country,Fatal,Lustro
0,Unprovoked,USA,N,2011-2016
1,Unprovoked,USA,N,2011-2016
2,Unprovoked,USA,N,2011-2016
3,Unprovoked,AUSTRALIA,N,2011-2016
4,Unprovoked,AUSTRALIA,N,2011-2016
5,Provoked,AUSTRALIA,N,2011-2016
6,Unprovoked,USA,N,2011-2016
7,Unprovoked,USA,N,2011-2016
9,Unprovoked,USA,N,2011-2016
10,Unprovoked,AUSTRALIA,N,2011-2016
11,Unprovoked,USA,N,2011-2016
12,Unprovoked,USA,N,2011-2016
13,Unprovoked,USA,N,2011-2016
14,Unprovoked,USA,N,2011-2016
16,Unprovoked,USA,N,2011-2016
18,Unprovoked,USA,N,2011-2016
19,Unprovoked,USA,N,2011-2016
22,Provoked,AUSTRALIA,N,2011-2016
23,Provoked,USA,N,2011-2016
24,Unprovoked,AUSTRALIA,N,2011-2016
26,Unprovoked,AUSTRALIA,N,2011-2016
28,Provoked,AUSTRALIA,N,2011-2016
29,Provoked,USA,N,2011-2016
30,Unprovoked,USA,N,2011-2016
31,Unprovoked,USA,N,2011-2016
32,Unprovoked,USA,N,2011-2016
35,Provoked,USA,N,2011-2016
36,Provoked,USA,N,2011-2016
37,Provoked,USA,N,2011-2016
38,Unprovoked,USA,N,2011-2016
39,Provoked,AUSTRALIA,N,2011-2016
40,Unprovoked,USA,N,2011-2016
41,Unprovoked,USA,N,2011-2016
43,Unprovoked,SOUTH AFRICA,N,2011-2016
44,Unprovoked,USA,N,2011-2016
45,Unprovoked,USA,N,2011-2016
46,Unprovoked,USA,N,2011-2016
47,Provoked,AUSTRALIA,N,2011-2016
48,Unprovoked,USA,N,2011-2016
49,Unprovoked,USA,N,2011-2016
51,Unprovoked,USA,N,2011-2016
52,Unprovoked,AUSTRALIA,Y,2011-2016
56,Unprovoked,AUSTRALIA,Y,2011-2016
57,Unprovoked,USA,N,2011-2016
58,Unprovoked,USA,N,2011-2016
59,Unprovoked,USA,N,2011-2016
60,Unprovoked,USA,N,2011-2016
61,Unprovoked,USA,N,2011-2016
62,Unprovoked,USA,N,2011-2016
63,Provoked,USA,N,2011-2016
64,Unprovoked,USA,N,2011-2016
67,Unprovoked,USA,N,2011-2016
68,Unprovoked,SOUTH AFRICA,N,2011-2016
69,Unprovoked,AUSTRALIA,N,2011-2016
71,Unprovoked,USA,N,2011-2016
74,Unprovoked,USA,N,2011-2016
76,Unprovoked,USA,N,2011-2016
77,Unprovoked,AUSTRALIA,N,2011-2016
79,Unprovoked,AUSTRALIA,N,2011-2016
82,Unprovoked,USA,N,2011-2016
84,Unprovoked,USA,N,2011-2016
85,Unprovoked,AUSTRALIA,N,2011-2016
86,Unprovoked,BRAZIL,N,2011-2016
92,Unprovoked,AUSTRALIA,N,2011-2016
93,Unprovoked,AUSTRALIA,N,2011-2016
94,Provoked,SOUTH AFRICA,N,2011-2016
95,Unprovoked,USA,N,2011-2016
96,Unprovoked,USA,N,2011-2016
97,Unprovoked,USA,N,2011-2016
99,Unprovoked,USA,N,2011-2016
100,Unprovoked,AUSTRALIA,N,2011-2016
101,Unprovoked,AUSTRALIA,N,2011-2016
102,Unprovoked,AUSTRALIA,N,2011-2016
103,Provoked,SOUTH AFRICA,N,2011-2016
105,Unprovoked,USA,N,2011-2016
106,Unprovoked,AUSTRALIA,N,2011-2016
107,Unprovoked,BRAZIL,N,2011-2016
109,Provoked,AUSTRALIA,N,2011-2016
111,Unprovoked,SOUTH AFRICA,N,2011-2016
112,Unprovoked,USA,N,2011-2016
113,Unprovoked,USA,N,2011-2016
114,Unprovoked,USA,N,2011-2016
115,Unprovoked,AUSTRALIA,N,2011-2016
117,Unprovoked,USA,N,2011-2016
118,Unprovoked,USA,N,2011-2016
120,Unprovoked,AUSTRALIA,N,2011-2016
121,Unprovoked,USA,N,2011-2016
122,Unprovoked,SOUTH AFRICA,N,2011-2016
123,Unprovoked,USA,N,2011-2016
124,Unprovoked,USA,N,2011-2016
127,Unprovoked,USA,N,2011-2016
128,Provoked,USA,N,2011-2016
129,Unprovoked,USA,N,2011-2016
130,Unprovoked,USA,N,2011-2016
132,Unprovoked,AUSTRALIA,N,2011-2016
133,Unprovoked,USA,N,2011-2016
134,Unprovoked,USA,N,2011-2016
135,Unprovoked,USA,N,2011-2016
136,Unprovoked,USA,N,2011-2016
137,Unprovoked,AUSTRALIA,N,2011-2016
138,Unprovoked,USA,N,2011-2016
139,Unprovoked,USA,N,2011-2016
140,Unprovoked,USA,N,2011-2016
141,Unprovoked,USA,N,2011-2016
142,Unprovoked,USA,N,2011-2016
143,Unprovoked,USA,N,2011-2016
144,Unprovoked,USA,N,2011-2016
145,Unprovoked,AUSTRALIA,N,2011-2016
146,Unprovoked,USA,N,2011-2016
147,Provoked,USA,N,2011-2016
148,Unprovoked,AUSTRALIA,N,2011-2016
149,Unprovoked,USA,N,2011-2016
152,Unprovoked,USA,N,2011-2016
153,Unprovoked,USA,N,2011-2016
155,Unprovoked,AUSTRALIA,N,2011-2016
156,Unprovoked,USA,N,2011-2016
157,Unprovoked,USA,N,2011-2016
158,Unprovoked,USA,N,2011-2016
160,Provoked,USA,N,2011-2016
161,Unprovoked,AUSTRALIA,N,2011-2016
162,Unprovoked,USA,N,2011-2016
164,Unprovoked,AUSTRALIA,Y,2011-2016
165,Provoked,USA,N,2011-2016
166,Unprovoked,AUSTRALIA,N,2011-2016
168,Unprovoked,SOUTH AFRICA,N,2011-2016
169,Unprovoked,USA,N,2011-2016
173,Unprovoked,USA,N,2011-2016
174,Unprovoked,AUSTRALIA,N,2011-2016
175,Unprovoked,AUSTRALIA,N,2011-2016
176,Unprovoked,USA,N,2011-2016
177,Unprovoked,AUSTRALIA,N,2011-2016
178,Unprovoked,USA,N,2011-2016
179,Unprovoked,USA,N,2011-2016
180,Unprovoked,SOUTH AFRICA,N,2011-2016
182,Unprovoked,SOUTH AFRICA,N,2011-2016
183,Unprovoked,USA,N,2011-2016
184,Provoked,AUSTRALIA,N,2011-2016
185,Unprovoked,USA,N,2011-2016
186,Unprovoked,USA,N,2011-2016
188,Unprovoked,USA,N,2011-2016
190,Unprovoked,USA,N,2011-2016
191,Unprovoked,USA,N,2011-2016
192,Unprovoked,USA,N,2011-2016
193,Unprovoked,USA,N,2011-2016
194,Unprovoked,USA,N,2011-2016
195,Unprovoked,USA,N,2011-2016
196,Unprovoked,USA,N,2011-2016
198,Unprovoked,USA,N,2011-2016
199,Unprovoked,USA,N,2011-2016
201,Unprovoked,USA,N,2011-2016
202,Unprovoked,USA,N,2011-2016
203,Unprovoked,USA,N,2011-2016
205,Unprovoked,USA,N,2011-2016
206,Unprovoked,AUSTRALIA,N,2011-2016
207,Unprovoked,SOUTH AFRICA,N,2011-2016
208,Unprovoked,USA,Y,2011-2016
209,Unprovoked,USA,N,2011-2016
210,Unprovoked,AUSTRALIA,N,2011-2016
211,Unprovoked,AUSTRALIA,N,2011-2016
212,Unprovoked,USA,N,2011-2016
213,Unprovoked,AUSTRALIA,N,2011-2016
216,Unprovoked,USA,N,2011-2016
218,Provoked,SOUTH AFRICA,N,2011-2016
220,Unprovoked,USA,N,2011-2016
222,Provoked,AUSTRALIA,N,2011-2016
227,Unprovoked,AUSTRALIA,Y,2011-2016
228,Unprovoked,AUSTRALIA,N,2011-2016
229,Unprovoked,AUSTRALIA,N,2011-2016
230,Provoked,AUSTRALIA,N,2011-2016
231,Provoked,USA,N,2011-2016
232,Unprovoked,AUSTRALIA,N,2011-2016
233,Provoked,USA,N,2011-2016
235,Provoked,AUSTRALIA,N,2011-2016
236,Unprovoked,AUSTRALIA,N,2011-2016
239,Unprovoked,SOUTH AFRICA,N,2011-2016
240,Unprovoked,USA,N,2011-2016
241,Unprovoked,AUSTRALIA,N,2011-2016
242,Unprovoked,AUSTRALIA,Y,2011-2016
245,Unprovoked,USA,N,2011-2016
246,Provoked,AUSTRALIA,N,2011-2016
248,Unprovoked,AUSTRALIA,Y,2011-2016
250,Unprovoked,AUSTRALIA,N,2011-2016
252,Provoked,AUSTRALIA,N,2011-2016
253,Unprovoked,USA,N,2011-2016
254,Provoked,USA,N,2011-2016
255,Unprovoked,USA,N,2011-2016
256,Unprovoked,AUSTRALIA,N,2011-2016
257,Unprovoked,USA,N,2011-2016
258,Unprovoked,USA,N,2011-2016
259,Provoked,AUSTRALIA,N,2011-2016
260,Unprovoked,USA,N,2011-2016
261,Unprovoked,USA,N,2011-2016
262,Provoked,USA,N,2011-2016
263,Unprovoked,USA,N,2011-2016
264,Unprovoked,AUSTRALIA,N,2011-2016
265,Unprovoked,USA,N,2011-2016
266,Unprovoked,USA,N,2011-2016
267,Unprovoked,USA,N,2011-2016
268,Provoked,AUSTRALIA,N,2011-2016
269,Unprovoked,USA,N,2011-2016
270,Unprovoked,USA,N,2011-2016
271,Provoked,USA,N,2011-2016
272,Provoked,USA,N,2011-2016
273,Unprovoked,USA,N,2011-2016
274,Unprovoked,AUSTRALIA,N,2011-2016
275,Unprovoked,USA,N,2011-2016
278,Unprovoked,AUSTRALIA,Y,2011-2016
279,Unprovoked,USA,N,2011-2016
280,Unprovoked,USA,N,2011-2016
281,Provoked,USA,N,2011-2016
283,Unprovoked,USA,N,2011-2016
284,Unprovoked,USA,N,2011-2016
286,Provoked,USA,N,2011-2016
288,Unprovoked,USA,N,2011-2016
289,Unprovoked,USA,N,2011-2016
290,Provoked,USA,N,2011-2016
291,Unprovoked,USA,N,2011-2016
292,Unprovoked,AUSTRALIA,N,2011-2016
293,Unprovoked,USA,N,2011-2016
294,Unprovoked,USA,N,2011-2016
296,Unprovoked,USA,N,2011-2016
297,Unprovoked,USA,N,2011-2016
298,Unprovoked,USA,N,2011-2016
299,Unprovoked,USA,N,2011-2016
300,Unprovoked,USA,N,2011-2016
302,Unprovoked,SOUTH AFRICA,N,2011-2016
304,Unprovoked,USA,N,2011-2016
306,Unprovoked,USA,N,2011-2016
308,Unprovoked,USA,N,2011-2016
309,Unprovoked,USA,N,2011-2016
311,Unprovoked,USA,N,2011-2016
312,Unprovoked,USA,N,2011-2016
313,Provoked,USA,N,2011-2016
314,Unprovoked,USA,N,2011-2016
315,Unprovoked,USA,N,2011-2016
318,Unprovoked,AUSTRALIA,N,2011-2016
319,Unprovoked,AUSTRALIA,N,2011-2016
320,Provoked,AUSTRALIA,N,2011-2016
321,Unprovoked,BRAZIL,N,2011-2016
322,Unprovoked,USA,N,2011-2016
323,Unprovoked,AUSTRALIA,N,2011-2016
325,Unprovoked,USA,N,2011-2016
326,Unprovoked,USA,N,2011-2016
327,Unprovoked,AUSTRALIA,N,2011-2016
328,Unprovoked,USA,N,2011-2016
329,Unprovoked,AUSTRALIA,N,2011-2016
331,Provoked,AUSTRALIA,N,2011-2016
333,Unprovoked,USA,N,2011-2016
334,Unprovoked,AUSTRALIA,N,2011-2016
335,Unprovoked,USA,N,2011-2016
338,Unprovoked,USA,N,2011-2016
339,Unprovoked,USA,N,2011-2016
340,Unprovoked,AUSTRALIA,N,2011-2016
341,Unprovoked,USA,N,2011-2016
342,Unprovoked,USA,N,2011-2016
343,Provoked,SOUTH AFRICA,N,2011-2016
344,Provoked,SOUTH AFRICA,N,2011-2016
345,Unprovoked,USA,N,2011-2016
346,Unprovoked,USA,N,2011-2016
347,Unprovoked,AUSTRALIA,Y,2011-2016
349,Unprovoked,SOUTH AFRICA,Y,2011-2016
350,Unprovoked,USA,N,2011-2016
351,Unprovoked,USA,N,2011-2016
353,Unprovoked,AUSTRALIA,N,2011-2016
356,Unprovoked,AUSTRALIA,N,2011-2016
357,Unprovoked,USA,N,2011-2016
359,Provoked,PAPUA NEW GUINEA,N,2011-2016
360,Unprovoked,AUSTRALIA,Y,2011-2016
363,Provoked,AUSTRALIA,N,2011-2016
368,Unprovoked,SOUTH AFRICA,N,2011-2016
370,Unprovoked,USA,N,2011-2016
371,Unprovoked,USA,N,2011-2016
372,Unprovoked,AUSTRALIA,N,2011-2016
373,Unprovoked,USA,Y,2011-2016
374,Unprovoked,AUSTRALIA,Y,2011-2016
375,Unprovoked,USA,N,2011-2016
376,Unprovoked,AUSTRALIA,Y,2011-2016
377,Unprovoked,USA,N,2011-2016
378,Unprovoked,AUSTRALIA,N,2011-2016
380,Unprovoked,USA,N,2011-2016
381,Unprovoked,USA,N,2011-2016
382,Unprovoked,USA,N,2011-2016
383,Unprovoked,AUSTRALIA,N,2011-2016
385,Unprovoked,AUSTRALIA,N,2011-2016
386,Unprovoked,AUSTRALIA,N,2011-2016
387,Unprovoked,USA,N,2011-2016
388,Unprovoked,USA,N,2011-2016
389,Unprovoked,USA,N,2011-2016
390,Unprovoked,SOUTH AFRICA,Y,2011-2016
391,Unprovoked,AUSTRALIA,N,2011-2016
392,Unprovoked,USA,N,2011-2016
394,Unprovoked,USA,N,2011-2016
396,Unprovoked,USA,N,2011-2016
397,Unprovoked,USA,N,2011-2016
398,Unprovoked,USA,N,2011-2016
399,Unprovoked,USA,N,2011-2016
400,Unprovoked,USA,N,2011-2016
402,Provoked,USA,N,2011-2016
403,Unprovoked,USA,N,2011-2016
404,Unprovoked,USA,N,2011-2016
405,Provoked,USA,N,2011-2016
407,Unprovoked,USA,N,2011-2016
409,Unprovoked,USA,N,2011-2016
412,Unprovoked,USA,N,2011-2016
413,Unprovoked,AUSTRALIA,N,2011-2016
414,Unprovoked,USA,N,2011-2016
415,Unprovoked,USA,N,2011-2016
416,Unprovoked,USA,Y,2011-2016
417,Unprovoked,USA,N,2011-2016
418,Unprovoked,USA,N,2011-2016
419,Unprovoked,SOUTH AFRICA,N,2011-2016
420,Unprovoked,USA,N,2011-2016
421,Unprovoked,USA,N,2011-2016
422,Unprovoked,USA,N,2011-2016
425,Unprovoked,USA,N,2011-2016
428,Unprovoked,BRAZIL,Y,2011-2016
429,Unprovoked,USA,N,2011-2016
430,Unprovoked,USA,N,2011-2016
433,Unprovoked,USA,N,2011-2016
435,Unprovoked,AUSTRALIA,N,2011-2016
438,Unprovoked,USA,N,2011-2016
439,Unprovoked,USA,N,2011-2016
440,Unprovoked,USA,N,2011-2016
441,Unprovoked,USA,N,2011-2016
442,Unprovoked,USA,N,2011-2016
443,Unprovoked,SOUTH AFRICA,N,2011-2016
444,Unprovoked,USA,N,2011-2016
445,Unprovoked,USA,N,2011-2016
446,Provoked,USA,N,2011-2016
447,Unprovoked,AUSTRALIA,N,2011-2016
448,Unprovoked,USA,N,2011-2016
449,Unprovoked,USA,N,2011-2016
450,Unprovoked,BRAZIL,Y,2011-2016
455,Unprovoked,USA,N,2011-2016
456,Provoked,AUSTRALIA,N,2011-2016
458,Unprovoked,AUSTRALIA,N,2011-2016
459,Unprovoked,USA,N,2011-2016
460,Unprovoked,SOUTH AFRICA,N,2011-2016
461,Unprovoked,USA,N,2011-2016
464,Unprovoked,USA,N,2011-2016
466,Unprovoked,USA,N,2011-2016
471,Provoked,SOUTH AFRICA,N,2011-2016
472,Unprovoked,SOUTH AFRICA,N,2011-2016
474,Unprovoked,AUSTRALIA,N,2011-2016
476,Unprovoked,SOUTH AFRICA,N,2011-2016
478,Unprovoked,USA,N,2011-2016
479,Unprovoked,USA,N,2011-2016
480,Unprovoked,USA,N,2011-2016
483,Provoked,AUSTRALIA,N,2011-2016
484,Unprovoked,AUSTRALIA,N,2011-2016
486,Unprovoked,USA,N,2011-2016
488,Unprovoked,AUSTRALIA,N,2011-2016
489,Unprovoked,USA,N,2011-2016
490,Unprovoked,AUSTRALIA,N,2011-2016
491,Unprovoked,AUSTRALIA,N,2011-2016
492,Unprovoked,SOUTH AFRICA,Y,2011-2016
493,Unprovoked,AUSTRALIA,N,2011-2016
494,Unprovoked,USA,N,2011-2016
495,Unprovoked,AUSTRALIA,N,2011-2016
497,Unprovoked,USA,N,2011-2016
500,Unprovoked,USA,N,2011-2016
501,Unprovoked,USA,N,2011-2016
502,Unprovoked,USA,N,2011-2016
503,Unprovoked,USA,N,2011-2016
504,Unprovoked,USA,N,2011-2016
505,Unprovoked,USA,Y,2011-2016
506,Unprovoked,USA,N,2011-2016
507,Unprovoked,USA,N,2011-2016
508,Unprovoked,USA,N,2011-2016
511,Unprovoked,USA,N,2011-2016
512,Unprovoked,AUSTRALIA,N,2011-2016
513,Unprovoked,USA,N,2011-2016
514,Unprovoked,USA,N,2011-2016
515,Unprovoked,USA,N,2011-2016
517,Unprovoked,USA,N,2011-2016
518,Unprovoked,USA,N,2011-2016
519,Unprovoked,USA,N,2011-2016
520,Unprovoked,USA,N,2011-2016
521,Unprovoked,USA,N,2011-2016
522,Unprovoked,USA,N,2011-2016
523,Unprovoked,USA,N,2011-2016
524,Provoked,USA,N,2011-2016
525,Unprovoked,USA,N,2011-2016
527,Unprovoked,AUSTRALIA,N,2011-2016
528,Unprovoked,BRAZIL,Y,2011-2016
529,Unprovoked,USA,N,2011-2016
530,Provoked,AUSTRALIA,N,2011-2016
531,Unprovoked,USA,N,2011-2016
534,Unprovoked,USA,N,2011-2016
535,Unprovoked,AUSTRALIA,N,2011-2016
536,Unprovoked,USA,N,2011-2016
537,Unprovoked,USA,N,2011-2016
542,Unprovoked,AUSTRALIA,Y,2011-2016
543,Unprovoked,USA,N,2011-2016
546,Unprovoked,USA,N,2011-2016
547,Unprovoked,SOUTH AFRICA,N,2011-2016
549,Unprovoked,USA,N,2011-2016
550,Unprovoked,USA,N,2011-2016
551,Unprovoked,USA,N,2011-2016
552,Unprovoked,AUSTRALIA,N,2011-2016
553,Unprovoked,USA,N,2011-2016
554,Unprovoked,AUSTRALIA,N,2011-2016
556,Unprovoked,USA,N,2011-2016
557,Provoked,USA,N,2011-2016
558,Unprovoked,USA,N,2011-2016
560,Unprovoked,USA,N,2011-2016
561,Unprovoked,USA,N,2011-2016
562,Unprovoked,AUSTRALIA,N,2011-2016
564,Unprovoked,AUSTRALIA,N,2011-2016
565,Unprovoked,USA,N,2011-2016
566,Unprovoked,USA,N,2011-2016
567,Unprovoked,USA,N,2011-2016
569,Unprovoked,USA,N,2011-2016
570,Unprovoked,USA,N,2011-2016
572,Unprovoked,USA,N,2011-2016
573,Unprovoked,USA,N,2011-2016
574,Unprovoked,USA,N,2011-2016
575,Unprovoked,USA,N,2011-2016
576,Unprovoked,SOUTH AFRICA,Y,2011-2016
577,Unprovoked,AUSTRALIA,N,2011-2016
578,Unprovoked,USA,N,2011-2016
579,Unprovoked,USA,N,2011-2016
580,Unprovoked,AUSTRALIA,Y,2011-2016
581,Unprovoked,USA,N,2011-2016
582,Provoked,AUSTRALIA,N,2011-2016
583,Unprovoked,AUSTRALIA,N,2011-2016
584,Unprovoked,USA,N,2011-2016
585,Unprovoked,USA,N,2011-2016
586,Unprovoked,USA,N,2011-2016
588,Provoked,AUSTRALIA,N,2011-2016
590,Unprovoked,USA,N,2011-2016
593,Provoked,USA,N,2011-2016
594,Unprovoked,AUSTRALIA,N,2011-2016
595,Provoked,SOUTH AFRICA,N,2011-2016
596,Unprovoked,AUSTRALIA,N,2011-2016
598,Unprovoked,USA,N,2011-2016
599,Unprovoked,AUSTRALIA,N,2011-2016
601,Unprovoked,AUSTRALIA,N,2011-2016
602,Unprovoked,SOUTH AFRICA,Y,2011-2016
603,Unprovoked,USA,N,2011-2016
604,Unprovoked,AUSTRALIA,N,2011-2016
605,Unprovoked,AUSTRALIA,N,2011-2016
606,Unprovoked,USA,N,2011-2016
609,Unprovoked,USA,N,2011-2016
610,Provoked,USA,N,2011-2016
611,Unprovoked,SOUTH AFRICA,N,2011-2016
612,Unprovoked,AUSTRALIA,N,2011-2016
614,Unprovoked,AUSTRALIA,N,2011-2016
615,Unprovoked,USA,N,2011-2016
617,Unprovoked,AUSTRALIA,N,2011-2016
619,Unprovoked,AUSTRALIA,N,2011-2016
620,Unprovoked,USA,N,2011-2016
621,Unprovoked,PAPUA NEW GUINEA,N,2011-2016
622,Unprovoked,BRAZIL,N,2011-2016
624,Unprovoked,USA,N,2011-2016
626,Provoked,SOUTH AFRICA,N,2011-2016
627,Unprovoked,AUSTRALIA,Y,2011-2016
628,Unprovoked,USA,N,2011-2016
629,Unprovoked,AUSTRALIA,N,2011-2016
630,Unprovoked,USA,N,2011-2016
631,Unprovoked,USA,N,2011-2016
632,Unprovoked,AUSTRALIA,Y,2011-2016
634,Unprovoked,USA,N,2011-2016
635,Unprovoked,USA,N,2011-2016
638,Unprovoked,SOUTH AFRICA,N,2011-2016
639,Unprovoked,USA,N,2011-2016
640,Unprovoked,USA,N,2011-2016
641,Provoked,USA,N,2011-2016
644,Unprovoked,USA,N,2011-2016
645,Unprovoked,USA,N,2011-2016
646,Unprovoked,PAPUA NEW GUINEA,N,2011-2016
647,Unprovoked,USA,N,2011-2016
648,Unprovoked,AUSTRALIA,Y,2011-2016
649,Unprovoked,USA,N,2011-2016
650,Unprovoked,USA,N,2011-2016
652,Unprovoked,USA,N,2011-2016
654,Unprovoked,USA,N,2011-2016
655,Unprovoked,USA,N,2011-2016
656,Unprovoked,SOUTH AFRICA,Y,2011-2016
658,Unprovoked,USA,N,2011-2016
662,Unprovoked,USA,N,2011-2016
665,Unprovoked,USA,N,2011-2016
669,Unprovoked,USA,N,2011-2016
670,Unprovoked,SOUTH AFRICA,N,2011-2016
671,Unprovoked,USA,N,2011-2016
673,Unprovoked,USA,N,2011-2016
675,Unprovoked,USA,N,2011-2016
676,Unprovoked,USA,N,2011-2016
680,Unprovoked,BRAZIL,N,2011-2016
681,Unprovoked,SOUTH AFRICA,N,2011-2016
682,Unprovoked,USA,N,2011-2016
683,Unprovoked,USA,N,2011-2016
684,Unprovoked,USA,N,2011-2016
689,Unprovoked,USA,N,2011-2016
691,Unprovoked,USA,N,2011-2016
692,Unprovoked,USA,N,2011-2016
694,Unprovoked,USA,N,2011-2016
695,Unprovoked,SOUTH AFRICA,N,2011-2016
696,Unprovoked,USA,N,2011-2016
697,Unprovoked,USA,N,2011-2016
699,Unprovoked,SOUTH AFRICA,Y,2011-2016
700,Unprovoked,USA,N,2011-2016
701,Unprovoked,USA,N,2011-2016
702,Provoked,USA,N,2011-2016
704,Unprovoked,SOUTH AFRICA,N,2011-2016
705,Unprovoked,USA,N,2011-2016
706,Unprovoked,AUSTRALIA,N,2011-2016
707,Unprovoked,USA,N,2011-2016
711,Provoked,USA,N,2011-2016
713,Unprovoked,AUSTRALIA,N,2011-2016
716,Unprovoked,AUSTRALIA,N,2011-2016
718,Unprovoked,AUSTRALIA,N,2011-2016
719,Provoked,AUSTRALIA,N,2011-2016
722,Unprovoked,AUSTRALIA,Y,2011-2016
723,Provoked,AUSTRALIA,N,2011-2016
724,Unprovoked,AUSTRALIA,N,2011-2016
726,Unprovoked,SOUTH AFRICA,N,2011-2016
731,Unprovoked,SOUTH AFRICA,Y,2011-2016
733,Provoked,AUSTRALIA,N,2011-2016
734,Unprovoked,USA,N,2006-2010
736,Unprovoked,USA,N,2006-2010
745,Provoked,USA,N,2006-2010
748,Provoked,AUSTRALIA,N,2006-2010
749,Unprovoked,AUSTRALIA,N,2006-2010
750,Unprovoked,AUSTRALIA,N,2006-2010
751,Unprovoked,USA,N,2006-2010
753,Unprovoked,USA,N,2006-2010
754,Unprovoked,AUSTRALIA,N,2006-2010
755,Unprovoked,USA,Y,2006-2010
757,Unprovoked,AUSTRALIA,N,2006-2010
760,Unprovoked,SOUTH AFRICA,N,2006-2010
761,Unprovoked,USA,N,2006-2010
762,Unprovoked,USA,N,2006-2010
763,Unprovoked,SOUTH AFRICA,Y,2006-2010
764,Unprovoked,AUSTRALIA,N,2006-2010
765,Unprovoked,USA,N,2006-2010
767,Unprovoked,USA,N,2006-2010
768,Unprovoked,USA,N,2006-2010
769,Unprovoked,USA,N,2006-2010
772,Unprovoked,USA,N,2006-2010
773,Unprovoked,AUSTRALIA,Y,2006-2010
774,Unprovoked,USA,N,2006-2010
775,Provoked,AUSTRALIA,N,2006-2010
777,Unprovoked,AUSTRALIA,N,2006-2010
778,Unprovoked,USA,N,2006-2010
781,Unprovoked,USA,N,2006-2010
782,Unprovoked,USA,N,2006-2010
783,Unprovoked,USA,N,2006-2010
784,Unprovoked,USA,N,2006-2010
785,Unprovoked,USA,N,2006-2010
786,Unprovoked,USA,N,2006-2010
787,Unprovoked,USA,N,2006-2010
789,Unprovoked,USA,N,2006-2010
790,Provoked,USA,N,2006-2010
791,Unprovoked,SOUTH AFRICA,N,2006-2010
792,Provoked,USA,N,2006-2010
793,Unprovoked,USA,N,2006-2010
794,Unprovoked,USA,N,2006-2010
795,Unprovoked,USA,N,2006-2010
796,Unprovoked,USA,N,2006-2010
797,Unprovoked,USA,N,2006-2010
799,Unprovoked,USA,N,2006-2010
800,Unprovoked,AUSTRALIA,N,2006-2010
801,Unprovoked,USA,N,2006-2010
802,Provoked,USA,N,2006-2010
805,Unprovoked,AUSTRALIA,N,2006-2010
807,Unprovoked,USA,N,2006-2010
808,Provoked,USA,N,2006-2010
809,Unprovoked,USA,N,2006-2010
810,Unprovoked,SOUTH AFRICA,N,2006-2010
814,Unprovoked,SOUTH AFRICA,N,2006-2010
816,Unprovoked,AUSTRALIA,N,2006-2010
817,Unprovoked,AUSTRALIA,N,2006-2010
819,Unprovoked,AUSTRALIA,N,2006-2010
820,Provoked,USA,N,2006-2010
822,Unprovoked,USA,Y,2006-2010
824,Unprovoked,BRAZIL,N,2006-2010
825,Unprovoked,AUSTRALIA,N,2006-2010
827,Unprovoked,AUSTRALIA,N,2006-2010
828,Unprovoked,SOUTH AFRICA,Y,2006-2010
829,Unprovoked,AUSTRALIA,N,2006-2010
833,Unprovoked,USA,N,2006-2010
834,Unprovoked,SOUTH AFRICA,N,2006-2010
835,Unprovoked,SOUTH AFRICA,N,2006-2010
836,Provoked,AUSTRALIA,N,2006-2010
838,Provoked,AUSTRALIA,N,2006-2010
839,Unprovoked,AUSTRALIA,N,2006-2010
840,Unprovoked,SOUTH AFRICA,Y,2006-2010
843,Unprovoked,AUSTRALIA,N,2006-2010
844,Provoked,AUSTRALIA,N,2006-2010
845,Provoked,USA,N,2006-2010
847,Unprovoked,USA,N,2006-2010
848,Unprovoked,USA,N,2006-2010
849,Unprovoked,USA,N,2006-2010
850,Unprovoked,USA,N,2006-2010
851,Unprovoked,USA,N,2006-2010
852,Unprovoked,AUSTRALIA,N,2006-2010
853,Unprovoked,USA,N,2006-2010
854,Unprovoked,AUSTRALIA,N,2006-2010
856,Unprovoked,AUSTRALIA,N,2006-2010
857,Unprovoked,USA,N,2006-2010
858,Unprovoked,USA,N,2006-2010
861,Unprovoked,AUSTRALIA,N,2006-2010
862,Unprovoked,USA,N,2006-2010
864,Unprovoked,USA,N,2006-2010
867,Provoked,BRAZIL,Y,2006-2010
869,Unprovoked,BRAZIL,Y,2006-2010
872,Unprovoked,USA,N,2006-2010
873,Unprovoked,SOUTH AFRICA,Y,2006-2010
874,Unprovoked,USA,N,2006-2010
875,Unprovoked,SOUTH AFRICA,N,2006-2010
876,Unprovoked,USA,N,2006-2010
877,Unprovoked,USA,N,2006-2010
878,Unprovoked,USA,N,2006-2010
880,Unprovoked,AUSTRALIA,N,2006-2010
883,Unprovoked,USA,N,2006-2010
885,Unprovoked,USA,N,2006-2010
886,Unprovoked,USA,N,2006-2010
889,Unprovoked,USA,N,2006-2010
890,Unprovoked,SOUTH AFRICA,N,2006-2010
891,Unprovoked,USA,N,2006-2010
892,Provoked,USA,N,2006-2010
893,Unprovoked,AUSTRALIA,N,2006-2010
901,Provoked,USA,N,2006-2010
902,Unprovoked,USA,N,2006-2010
903,Unprovoked,USA,N,2006-2010
904,Unprovoked,USA,N,2006-2010
907,Unprovoked,USA,N,2006-2010
908,Unprovoked,USA,N,2006-2010
909,Unprovoked,USA,N,2006-2010
911,Unprovoked,USA,N,2006-2010
912,Unprovoked,AUSTRALIA,N,2006-2010
913,Unprovoked,USA,N,2006-2010
916,Unprovoked,USA,N,2006-2010
917,Unprovoked,USA,N,2006-2010
918,Provoked,SOUTH AFRICA,N,2006-2010
919,Unprovoked,SOUTH AFRICA,Y,2006-2010
920,Unprovoked,AUSTRALIA,N,2006-2010
921,Unprovoked,AUSTRALIA,N,2006-2010
922,Unprovoked,AUSTRALIA,N,2006-2010
923,Unprovoked,USA,N,2006-2010
925,Unprovoked,USA,N,2006-2010
926,Provoked,AUSTRALIA,N,2006-2010
928,Provoked,SOUTH AFRICA,N,2006-2010
930,Unprovoked,AUSTRALIA,N,2006-2010
931,Unprovoked,AUSTRALIA,N,2006-2010
932,Unprovoked,AUSTRALIA,N,2006-2010
933,Unprovoked,AUSTRALIA,N,2006-2010
934,Unprovoked,AUSTRALIA,N,2006-2010
935,Unprovoked,USA,Y,2006-2010
936,Unprovoked,AUSTRALIA,N,2006-2010
937,Unprovoked,AUSTRALIA,N,2006-2010
942,Unprovoked,AUSTRALIA,N,2006-2010
943,Unprovoked,SOUTH AFRICA,Y,2006-2010
945,Provoked,AUSTRALIA,N,2006-2010
947,Unprovoked,SOUTH AFRICA,Y,2006-2010
948,Unprovoked,AUSTRALIA,N,2006-2010
949,Unprovoked,AUSTRALIA,N,2006-2010
950,Unprovoked,AUSTRALIA,N,2006-2010
956,Provoked,AUSTRALIA,N,2006-2010
957,Unprovoked,AUSTRALIA,N,2006-2010
958,Unprovoked,AUSTRALIA,N,2006-2010
959,Unprovoked,AUSTRALIA,Y,2006-2010
960,Unprovoked,USA,N,2006-2010
962,Provoked,SOUTH AFRICA,N,2006-2010
963,Provoked,AUSTRALIA,N,2006-2010
968,Provoked,AUSTRALIA,N,2006-2010
971,Provoked,AUSTRALIA,N,2006-2010
973,Provoked,AUSTRALIA,N,2006-2010
974,Unprovoked,AUSTRALIA,N,2006-2010
975,Unprovoked,USA,N,2006-2010
977,Unprovoked,USA,N,2006-2010
978,Unprovoked,USA,N,2006-2010
979,Provoked,AUSTRALIA,N,2006-2010
980,Unprovoked,USA,N,2006-2010
981,Unprovoked,USA,N,2006-2010
982,Unprovoked,USA,N,2006-2010
983,Unprovoked,AUSTRALIA,N,2006-2010
984,Unprovoked,USA,N,2006-2010
985,Unprovoked,USA,N,2006-2010
986,Unprovoked,USA,N,2006-2010
987,Unprovoked,USA,N,2006-2010
988,Unprovoked,AUSTRALIA,N,2006-2010
991,Unprovoked,USA,N,2006-2010
992,Unprovoked,USA,N,2006-2010
993,Unprovoked,USA,N,2006-2010
995,Unprovoked,USA,N,2006-2010
997,Unprovoked,USA,N,2006-2010
998,Unprovoked,USA,N,2006-2010
999,Unprovoked,USA,N,2006-2010
1000,Unprovoked,AUSTRALIA,N,2006-2010
1001,Unprovoked,SOUTH AFRICA,N,2006-2010
1004,Unprovoked,USA,N,2006-2010
1005,Unprovoked,USA,N,2006-2010
1006,Unprovoked,USA,N,2006-2010
1007,Unprovoked,USA,N,2006-2010
1008,Unprovoked,USA,N,2006-2010
1009,Provoked,USA,N,2006-2010
1010,Unprovoked,USA,N,2006-2010
1013,Unprovoked,USA,N,2006-2010
1014,Unprovoked,USA,N,2006-2010
1015,Unprovoked,USA,N,2006-2010
1019,Unprovoked,SOUTH AFRICA,N,2006-2010
1020,Unprovoked,SOUTH AFRICA,N,2006-2010
1021,Unprovoked,USA,N,2006-2010
1022,Unprovoked,USA,N,2006-2010
1023,Unprovoked,BRAZIL,N,2006-2010
1024,Unprovoked,USA,N,2006-2010
1025,Unprovoked,USA,N,2006-2010
1026,Unprovoked,BRAZIL,N,2006-2010
1027,Unprovoked,USA,N,2006-2010
1029,Unprovoked,USA,N,2006-2010
1030,Unprovoked,BRAZIL,N,2006-2010
1031,Unprovoked,USA,N,2006-2010
1036,Unprovoked,AUSTRALIA,N,2006-2010
1038,Unprovoked,USA,N,2006-2010
1039,Provoked,SOUTH AFRICA,N,2006-2010
1041,Unprovoked,USA,N,2006-2010
1042,Unprovoked,USA,N,2006-2010
1044,Provoked,USA,N,2006-2010
1045,Unprovoked,USA,Y,2006-2010
1046,Unprovoked,USA,N,2006-2010
1051,Unprovoked,USA,N,2006-2010
1052,Unprovoked,USA,N,2006-2010
1054,Unprovoked,USA,N,2006-2010
1055,Unprovoked,AUSTRALIA,Y,2006-2010
1056,Unprovoked,USA,N,2006-2010
1057,Unprovoked,SOUTH AFRICA,N,2006-2010
1058,Unprovoked,USA,N,2006-2010
1059,Unprovoked,USA,N,2006-2010
1060,Unprovoked,USA,N,2006-2010
1061,Unprovoked,USA,N,2006-2010
1063,Unprovoked,USA,N,2006-2010
1066,Unprovoked,USA,N,2006-2010
1067,Unprovoked,AUSTRALIA,N,2006-2010
1068,Unprovoked,USA,N,2006-2010
1069,Unprovoked,SOUTH AFRICA,N,2006-2010
1070,Provoked,AUSTRALIA,N,2006-2010
1073,Unprovoked,USA,N,2006-2010
1074,Provoked,USA,N,2006-2010
1078,Unprovoked,AUSTRALIA,N,2006-2010
1079,Unprovoked,AUSTRALIA,N,2006-2010
1081,Unprovoked,USA,N,2006-2010
1083,Unprovoked,BRAZIL,N,2006-2010
1084,Provoked,AUSTRALIA,N,2006-2010
1085,Unprovoked,AUSTRALIA,N,2006-2010
1086,Unprovoked,SOUTH AFRICA,N,2006-2010
1087,Unprovoked,USA,N,2006-2010
1088,Unprovoked,USA,N,2006-2010
1089,Unprovoked,SOUTH AFRICA,N,2006-2010
1091,Unprovoked,USA,N,2006-2010
1092,Unprovoked,AUSTRALIA,N,2006-2010
1093,Unprovoked,AUSTRALIA,N,2006-2010
1094,Unprovoked,USA,N,2006-2010
1095,Unprovoked,USA,N,2006-2010
1096,Unprovoked,USA,N,2006-2010
1100,Unprovoked,USA,N,2006-2010
1103,Unprovoked,USA,N,2006-2010
1104,Unprovoked,USA,N,2006-2010
1106,Unprovoked,USA,N,2006-2010
1107,Unprovoked,USA,N,2006-2010
1108,Unprovoked,USA,N,2006-2010
1109,Unprovoked,USA,N,2006-2010
1110,Unprovoked,USA,N,2006-2010
1111,Unprovoked,USA,N,2006-2010
1112,Unprovoked,USA,N,2006-2010
1113,Unprovoked,USA,N,2006-2010
1114,Unprovoked,USA,N,2006-2010
1115,Unprovoked,USA,N,2006-2010
1116,Unprovoked,USA,N,2006-2010
1117,Unprovoked,USA,N,2006-2010
1118,Provoked,USA,N,2006-2010
1119,Provoked,USA,N,2006-2010
1120,Unprovoked,USA,N,2006-2010
1121,Unprovoked,USA,N,2006-2010
1122,Unprovoked,USA,N,2006-2010
1123,Unprovoked,USA,N,2006-2010
1124,Unprovoked,USA,N,2006-2010
1125,Unprovoked,USA,N,2006-2010
1126,Unprovoked,USA,N,2006-2010
1127,Unprovoked,USA,N,2006-2010
1128,Unprovoked,USA,N,2006-2010
1129,Unprovoked,USA,N,2006-2010
1130,Unprovoked,USA,N,2006-2010
1131,Unprovoked,USA,N,2006-2010
1132,Provoked,USA,N,2006-2010
1133,Unprovoked,USA,N,2006-2010
1134,Unprovoked,AUSTRALIA,N,2006-2010
1135,Unprovoked,USA,N,2006-2010
1138,Unprovoked,USA,N,2006-2010
1140,Unprovoked,USA,N,2006-2010
1143,Provoked,USA,N,2006-2010
1144,Unprovoked,USA,N,2006-2010
1145,Unprovoked,USA,N,2006-2010
1146,Unprovoked,USA,N,2006-2010
1148,Unprovoked,USA,N,2006-2010
1149,Unprovoked,AUSTRALIA,N,2006-2010
1150,Unprovoked,USA,N,2006-2010
1151,Provoked,USA,N,2006-2010
1153,Unprovoked,AUSTRALIA,N,2006-2010
1154,Unprovoked,AUSTRALIA,N,2006-2010
1155,Unprovoked,USA,N,2006-2010
1158,Unprovoked,USA,N,2006-2010
1159,Unprovoked,USA,N,2006-2010
1162,Unprovoked,AUSTRALIA,N,2006-2010
1163,Unprovoked,USA,N,2006-2010
1164,Unprovoked,USA,N,2006-2010
1165,Provoked,USA,N,2006-2010
1167,Unprovoked,USA,N,2006-2010
1168,Unprovoked,USA,N,2006-2010
1169,Unprovoked,USA,N,2006-2010
1171,Unprovoked,USA,N,2006-2010
1172,Unprovoked,AUSTRALIA,N,2006-2010
1173,Provoked,USA,N,2006-2010
1174,Unprovoked,AUSTRALIA,N,2006-2010
1175,Unprovoked,USA,N,2006-2010
1178,Unprovoked,AUSTRALIA,N,2006-2010
1181,Provoked,USA,N,2006-2010
1182,Unprovoked,AUSTRALIA,N,2006-2010
1184,Unprovoked,SOUTH AFRICA,Y,2006-2010
1185,Unprovoked,AUSTRALIA,N,2006-2010
1187,Unprovoked,USA,N,2006-2010
1188,Unprovoked,AUSTRALIA,N,2006-2010
1190,Unprovoked,USA,N,2006-2010
1191,Provoked,SOUTH AFRICA,N,2006-2010
1192,Unprovoked,AUSTRALIA,N,2006-2010
1194,Unprovoked,USA,N,2006-2010
1195,Provoked,SOUTH AFRICA,N,2006-2010
1196,Unprovoked,USA,N,2006-2010
1197,Unprovoked,USA,N,2006-2010
1198,Unprovoked,USA,N,2006-2010
1199,Unprovoked,USA,N,2006-2010
1200,Unprovoked,USA,N,2006-2010
1204,Unprovoked,USA,N,2006-2010
1205,Provoked,USA,N,2006-2010
1206,Unprovoked,USA,N,2006-2010
1207,Unprovoked,USA,N,2006-2010
1208,Unprovoked,USA,N,2006-2010
1210,Unprovoked,BRAZIL,Y,2006-2010
1211,Unprovoked,USA,N,2006-2010
1212,Unprovoked,USA,N,2006-2010
1213,Unprovoked,SOUTH AFRICA,N,2006-2010
1214,Unprovoked,USA,N,2006-2010
1215,Unprovoked,AUSTRALIA,N,2006-2010
1221,Unprovoked,SOUTH AFRICA,N,2006-2010
1222,Unprovoked,SOUTH AFRICA,N,2006-2010
1223,Unprovoked,USA,N,2006-2010
1225,Provoked,USA,N,2006-2010
1226,Unprovoked,USA,N,2006-2010
1228,Unprovoked,USA,N,2006-2010
1229,Unprovoked,SOUTH AFRICA,N,2006-2010
1230,Unprovoked,USA,N,2006-2010
1231,Unprovoked,USA,N,2006-2010
1233,Unprovoked,USA,N,2006-2010
1235,Unprovoked,USA,N,2006-2010
1236,Unprovoked,BRAZIL,Y,2006-2010
1237,Unprovoked,USA,N,2006-2010
1238,Unprovoked,USA,N,2006-2010
1239,Unprovoked,USA,N,2006-2010
1240,Unprovoked,USA,N,2006-2010
1241,Unprovoked,USA,N,2006-2010
1242,Unprovoked,USA,N,2006-2010
1243,Unprovoked,USA,N,2006-2010
1244,Provoked,USA,N,2006-2010
1246,Unprovoked,USA,N,2006-2010
1247,Unprovoked,BRAZIL,Y,2006-2010
1248,Unprovoked,USA,N,2006-2010
1249,Unprovoked,USA,N,2006-2010
1250,Unprovoked,USA,N,2006-2010
1251,Unprovoked,AUSTRALIA,N,2006-2010
1252,Unprovoked,USA,N,2006-2010
1253,Provoked,USA,N,2006-2010
1254,Unprovoked,USA,N,2006-2010
1255,Provoked,USA,N,2006-2010
1256,Unprovoked,BRAZIL,N,2006-2010
1257,Unprovoked,USA,N,2006-2010
1258,Unprovoked,USA,N,2006-2010
1259,Unprovoked,USA,N,2006-2010
1260,Provoked,AUSTRALIA,N,2006-2010
1262,Unprovoked,USA,N,2006-2010
1263,Unprovoked,USA,N,2006-2010
1264,Provoked,USA,N,2006-2010
1265,Unprovoked,AUSTRALIA,N,2006-2010
1266,Unprovoked,SOUTH AFRICA,N,2006-2010
1267,Unprovoked,BRAZIL,N,2006-2010
1268,Unprovoked,USA,N,2006-2010
1270,Unprovoked,USA,N,2006-2010
1273,Unprovoked,AUSTRALIA,N,2006-2010
1274,Unprovoked,USA,N,2006-2010
1276,Unprovoked,AUSTRALIA,N,2006-2010
1277,Unprovoked,AUSTRALIA,N,2006-2010
1278,Provoked,AUSTRALIA,N,2006-2010
1279,Unprovoked,SOUTH AFRICA,N,2006-2010
1281,Provoked,USA,N,2006-2010
1283,Unprovoked,SOUTH AFRICA,N,2006-2010
1285,Unprovoked,USA,N,2006-2010
1286,Unprovoked,AUSTRALIA,N,2006-2010
1288,Unprovoked,AUSTRALIA,Y,2006-2010
1289,Unprovoked,USA,N,2006-2010
1290,Unprovoked,SOUTH AFRICA,N,2006-2010
1291,Unprovoked,USA,N,2001-2005
1292,Unprovoked,USA,N,2001-2005
1294,Unprovoked,AUSTRALIA,N,2001-2005
1295,Provoked,AUSTRALIA,N,2001-2005
1296,Unprovoked,USA,N,2001-2005
1297,Unprovoked,USA,N,2001-2005
1298,Provoked,AUSTRALIA,N,2001-2005
1299,Unprovoked,AUSTRALIA,N,2001-2005
1300,Unprovoked,SOUTH AFRICA,N,2001-2005
1302,Unprovoked,USA,N,2001-2005
1303,Unprovoked,USA,N,2001-2005
1305,Provoked,SOUTH AFRICA,N,2001-2005
1306,Unprovoked,USA,N,2001-2005
1307,Unprovoked,USA,N,2001-2005
1308,Unprovoked,USA,N,2001-2005
1309,Unprovoked,USA,N,2001-2005
1311,Unprovoked,SOUTH AFRICA,N,2001-2005
1312,Unprovoked,USA,N,2001-2005
1313,Unprovoked,USA,N,2001-2005
1314,Provoked,USA,N,2001-2005
1315,Unprovoked,USA,N,2001-2005
1317,Unprovoked,USA,N,2001-2005
1319,Unprovoked,SOUTH AFRICA,N,2001-2005
1320,Unprovoked,AUSTRALIA,N,2001-2005
1321,Unprovoked,AUSTRALIA,N,2001-2005
1322,Unprovoked,AUSTRALIA,N,2001-2005
1324,Unprovoked,USA,N,2001-2005
1325,Unprovoked,USA,Y,2001-2005
1326,Unprovoked,AUSTRALIA,N,2001-2005
1327,Unprovoked,USA,N,2001-2005
1328,Unprovoked,AUSTRALIA,N,2001-2005
1329,Unprovoked,USA,N,2001-2005
1331,Unprovoked,AUSTRALIA,Y,2001-2005
1332,Unprovoked,USA,N,2001-2005
1334,Unprovoked,USA,N,2001-2005
1335,Unprovoked,USA,N,2001-2005
1337,Unprovoked,USA,N,2001-2005
1338,Unprovoked,USA,N,2001-2005
1340,Unprovoked,USA,N,2001-2005
1341,Unprovoked,USA,N,2001-2005
1346,Unprovoked,USA,N,2001-2005
1347,Unprovoked,USA,N,2001-2005
1348,Unprovoked,USA,N,2001-2005
1349,Unprovoked,USA,N,2001-2005
1350,Unprovoked,USA,Y,2001-2005
1354,Unprovoked,USA,N,2001-2005
1356,Unprovoked,USA,N,2001-2005
1358,Unprovoked,SOUTH AFRICA,Y,2001-2005
1359,Unprovoked,USA,N,2001-2005
1360,Unprovoked,USA,N,2001-2005
1361,Unprovoked,USA,N,2001-2005
1362,Unprovoked,SOUTH AFRICA,N,2001-2005
1363,Unprovoked,AUSTRALIA,N,2001-2005
1364,Unprovoked,USA,N,2001-2005
1366,Unprovoked,USA,N,2001-2005
1367,Unprovoked,USA,N,2001-2005
1368,Provoked,AUSTRALIA,N,2001-2005
1369,Unprovoked,AUSTRALIA,N,2001-2005
1370,Unprovoked,AUSTRALIA,N,2001-2005
1371,Unprovoked,AUSTRALIA,N,2001-2005
1372,Unprovoked,USA,N,2001-2005
1374,Unprovoked,USA,N,2001-2005
1375,Unprovoked,USA,N,2001-2005
1377,Unprovoked,SOUTH AFRICA,N,2001-2005
1378,Unprovoked,AUSTRALIA,N,2001-2005
1380,Unprovoked,AUSTRALIA,Y,2001-2005
1381,Provoked,USA,N,2001-2005
1385,Unprovoked,AUSTRALIA,N,2001-2005
1386,Provoked,USA,N,2001-2005
1387,Unprovoked,USA,N,2001-2005
1388,Unprovoked,USA,N,2001-2005
1389,Unprovoked,BRAZIL,N,2001-2005
1391,Provoked,AUSTRALIA,N,2001-2005
1392,Provoked,AUSTRALIA,N,2001-2005
1395,Unprovoked,AUSTRALIA,Y,2001-2005
1396,Unprovoked,AUSTRALIA,Y,2001-2005
1397,Unprovoked,SOUTH AFRICA,N,2001-2005
1398,Unprovoked,SOUTH AFRICA,N,2001-2005
1399,Unprovoked,SOUTH AFRICA,Y,2001-2005
1400,Unprovoked,USA,N,2001-2005
1405,Unprovoked,SOUTH AFRICA,N,2001-2005
1406,Unprovoked,AUSTRALIA,N,2001-2005
1407,Unprovoked,USA,N,2001-2005
1408,Unprovoked,USA,N,2001-2005
1409,Unprovoked,SOUTH AFRICA,N,2001-2005
1411,Unprovoked,USA,N,2001-2005
1412,Unprovoked,USA,N,2001-2005
1413,Provoked,AUSTRALIA,N,2001-2005
1414,Unprovoked,USA,N,2001-2005
1416,Unprovoked,BRAZIL,Y,2001-2005
1417,Unprovoked,USA,N,2001-2005
1418,Unprovoked,USA,N,2001-2005
1419,Unprovoked,BRAZIL,N,2001-2005
1420,Unprovoked,USA,N,2001-2005
1421,Unprovoked,USA,Y,2001-2005
1422,Unprovoked,USA,N,2001-2005
1423,Unprovoked,AUSTRALIA,N,2001-2005
1424,Provoked,SOUTH AFRICA,N,2001-2005
1425,Unprovoked,USA,N,2001-2005
1427,Unprovoked,USA,N,2001-2005
1428,Unprovoked,USA,N,2001-2005
1429,Unprovoked,USA,N,2001-2005
1430,Unprovoked,USA,N,2001-2005
1431,Provoked,AUSTRALIA,N,2001-2005
1433,Unprovoked,AUSTRALIA,Y,2001-2005
1435,Unprovoked,USA,N,2001-2005
1436,Unprovoked,USA,N,2001-2005
1438,Unprovoked,USA,N,2001-2005
1439,Unprovoked,AUSTRALIA,N,2001-2005
1440,Unprovoked,USA,N,2001-2005
1441,Unprovoked,SOUTH AFRICA,Y,2001-2005
1442,Unprovoked,USA,N,2001-2005
1443,Unprovoked,BRAZIL,N,2001-2005
1444,Unprovoked,USA,N,2001-2005
1445,Unprovoked,USA,N,2001-2005
1447,Unprovoked,USA,N,2001-2005
1448,Unprovoked,BRAZIL,N,2001-2005
1450,Unprovoked,USA,N,2001-2005
1451,Unprovoked,BRAZIL,Y,2001-2005
1452,Unprovoked,AUSTRALIA,N,2001-2005
1456,Unprovoked,USA,Y,2001-2005
1457,Unprovoked,SOUTH AFRICA,N,2001-2005
1459,Unprovoked,USA,N,2001-2005
1460,Unprovoked,USA,N,2001-2005
1461,Unprovoked,BRAZIL,N,2001-2005
1462,Unprovoked,USA,N,2001-2005
1464,Unprovoked,USA,N,2001-2005
1465,Unprovoked,USA,N,2001-2005
1467,Unprovoked,USA,N,2001-2005
1468,Unprovoked,AUSTRALIA,N,2001-2005
1469,Unprovoked,BRAZIL,Y,2001-2005
1471,Unprovoked,AUSTRALIA,N,2001-2005
1474,Unprovoked,AUSTRALIA,N,2001-2005
1475,Unprovoked,AUSTRALIA,N,2001-2005
1480,Provoked,SOUTH AFRICA,N,2001-2005
1481,Unprovoked,AUSTRALIA,N,2001-2005
1482,Unprovoked,SOUTH AFRICA,N,2001-2005
1485,Unprovoked,AUSTRALIA,N,2001-2005
1486,Provoked,SOUTH AFRICA,N,2001-2005
1488,Unprovoked,USA,N,2001-2005
1490,Unprovoked,AUSTRALIA,N,2001-2005
1491,Unprovoked,AUSTRALIA,N,2001-2005
1492,Unprovoked,AUSTRALIA,N,2001-2005
1493,Unprovoked,SOUTH AFRICA,Y,2001-2005
1494,Unprovoked,USA,N,2001-2005
1496,Unprovoked,USA,N,2001-2005
1498,Unprovoked,SOUTH AFRICA,N,2001-2005
1499,Unprovoked,AUSTRALIA,N,2001-2005
1501,Unprovoked,USA,N,2001-2005
1502,Unprovoked,AUSTRALIA,N,2001-2005
1503,Unprovoked,USA,N,2001-2005
1504,Unprovoked,USA,N,2001-2005
1506,Unprovoked,USA,N,2001-2005
1508,Unprovoked,USA,N,2001-2005
1509,Unprovoked,USA,N,2001-2005
1510,Provoked,USA,N,2001-2005
1511,Unprovoked,USA,N,2001-2005
1512,Unprovoked,USA,N,2001-2005
1514,Unprovoked,USA,N,2001-2005
1515,Unprovoked,USA,N,2001-2005
1516,Unprovoked,USA,N,2001-2005
1517,Unprovoked,USA,N,2001-2005
1518,Unprovoked,USA,N,2001-2005
1519,Provoked,SOUTH AFRICA,N,2001-2005
1521,Unprovoked,USA,N,2001-2005
1522,Unprovoked,USA,N,2001-2005
1523,Unprovoked,SOUTH AFRICA,Y,2001-2005
1524,Unprovoked,USA,N,2001-2005
1525,Provoked,USA,N,2001-2005
1526,Unprovoked,USA,Y,2001-2005
1528,Unprovoked,SOUTH AFRICA,N,2001-2005
1529,Unprovoked,AUSTRALIA,N,2001-2005
1530,Unprovoked,USA,N,2001-2005
1531,Unprovoked,USA,N,2001-2005
1533,Provoked,USA,N,2001-2005
1534,Unprovoked,USA,N,2001-2005
1536,Unprovoked,USA,N,2001-2005
1539,Unprovoked,USA,N,2001-2005
1540,Unprovoked,USA,N,2001-2005
1541,Unprovoked,BRAZIL,Y,2001-2005
1542,Unprovoked,USA,N,2001-2005
1543,Unprovoked,USA,N,2001-2005
1544,Unprovoked,USA,N,2001-2005
1545,Unprovoked,USA,N,2001-2005
1546,Unprovoked,USA,N,2001-2005
1548,Unprovoked,USA,N,2001-2005
1549,Unprovoked,USA,N,2001-2005
1550,Unprovoked,USA,N,2001-2005
1551,Provoked,USA,N,2001-2005
1552,Unprovoked,USA,N,2001-2005
1554,Provoked,BRAZIL,N,2001-2005
1555,Unprovoked,BRAZIL,N,2001-2005
1556,Unprovoked,BRAZIL,N,2001-2005
1557,Unprovoked,BRAZIL,N,2001-2005
1558,Unprovoked,USA,N,2001-2005
1559,Unprovoked,USA,N,2001-2005
1560,Unprovoked,USA,N,2001-2005
1561,Unprovoked,USA,N,2001-2005
1562,Unprovoked,USA,N,2001-2005
1563,Unprovoked,USA,N,2001-2005
1564,Unprovoked,USA,N,2001-2005
1565,Unprovoked,USA,N,2001-2005
1567,Unprovoked,USA,N,2001-2005
1568,Unprovoked,USA,N,2001-2005
1569,Provoked,USA,N,2001-2005
1571,Unprovoked,AUSTRALIA,N,2001-2005
1572,Unprovoked,USA,N,2001-2005
1573,Unprovoked,AUSTRALIA,N,2001-2005
1574,Unprovoked,AUSTRALIA,Y,2001-2005
1577,Unprovoked,AUSTRALIA,N,2001-2005
1578,Unprovoked,AUSTRALIA,N,2001-2005
1579,Unprovoked,SOUTH AFRICA,N,2001-2005
1580,Unprovoked,AUSTRALIA,N,2001-2005
1582,Unprovoked,AUSTRALIA,Y,2001-2005
1583,Unprovoked,BRAZIL,Y,2001-2005
1585,Unprovoked,USA,N,2001-2005
1586,Unprovoked,USA,N,2001-2005
1588,Unprovoked,USA,N,2001-2005
1589,Unprovoked,USA,N,2001-2005
1591,Unprovoked,USA,N,2001-2005
1592,Unprovoked,BRAZIL,Y,2001-2005
1593,Unprovoked,USA,N,2001-2005
1594,Unprovoked,USA,N,2001-2005
1595,Unprovoked,USA,N,2001-2005
1596,Unprovoked,USA,N,2001-2005
1597,Unprovoked,USA,N,2001-2005
1598,Unprovoked,USA,N,2001-2005
1599,Unprovoked,USA,N,2001-2005
1600,Provoked,USA,N,2001-2005
1602,Unprovoked,USA,N,2001-2005
1603,Unprovoked,USA,N,2001-2005
1604,Unprovoked,BRAZIL,N,2001-2005
1605,Unprovoked,USA,N,2001-2005
1606,Unprovoked,SOUTH AFRICA,N,2001-2005
1607,Unprovoked,USA,N,2001-2005
1608,Provoked,USA,N,2001-2005
1609,Unprovoked,USA,N,2001-2005
1610,Unprovoked,USA,N,2001-2005
1611,Unprovoked,USA,N,2001-2005
1612,Unprovoked,USA,N,2001-2005
1613,Unprovoked,USA,N,2001-2005
1615,Unprovoked,USA,N,2001-2005
1616,Unprovoked,USA,N,2001-2005
1617,Unprovoked,USA,N,2001-2005
1618,Provoked,USA,N,2001-2005
1619,Provoked,USA,Y,2001-2005
1620,Unprovoked,BRAZIL,N,2001-2005
1621,Unprovoked,USA,N,2001-2005
1622,Unprovoked,AUSTRALIA,N,2001-2005
1623,Unprovoked,USA,N,2001-2005
1625,Unprovoked,PAPUA NEW GUINEA,N,2001-2005
1626,Unprovoked,PAPUA NEW GUINEA,Y,2001-2005
1627,Unprovoked,USA,N,2001-2005
1628,Unprovoked,USA,N,2001-2005
1629,Unprovoked,USA,N,2001-2005
1630,Unprovoked,USA,N,2001-2005
1631,Unprovoked,SOUTH AFRICA,N,2001-2005
1632,Unprovoked,USA,N,2001-2005
1633,Unprovoked,USA,N,2001-2005
1634,Provoked,USA,N,2001-2005
1635,Unprovoked,USA,N,2001-2005
1637,Unprovoked,PAPUA NEW GUINEA,N,2001-2005
1638,Unprovoked,USA,N,2001-2005
1639,Unprovoked,BRAZIL,N,2001-2005
1640,Provoked,AUSTRALIA,N,2001-2005
1641,Unprovoked,AUSTRALIA,Y,2001-2005
1643,Unprovoked,USA,N,2001-2005
1644,Unprovoked,USA,N,2001-2005
1645,Unprovoked,AUSTRALIA,N,2001-2005
1647,Unprovoked,USA,N,2001-2005
1648,Unprovoked,USA,N,2001-2005
1649,Unprovoked,USA,N,2001-2005
1650,Unprovoked,USA,N,2001-2005
1651,Unprovoked,BRAZIL,Y,2001-2005
1652,Unprovoked,USA,N,2001-2005
1653,Unprovoked,USA,N,2001-2005
1654,Unprovoked,USA,N,2001-2005
1657,Unprovoked,AUSTRALIA,N,2001-2005
1659,Unprovoked,AUSTRALIA,N,2001-2005
1660,Unprovoked,AUSTRALIA,N,2001-2005
1661,Unprovoked,AUSTRALIA,N,2001-2005
1662,Unprovoked,SOUTH AFRICA,N,2001-2005
1663,Unprovoked,BRAZIL,Y,2001-2005
1664,Unprovoked,SOUTH AFRICA,N,2001-2005
1665,Unprovoked,USA,N,2001-2005
1667,Unprovoked,AUSTRALIA,N,2001-2005
1668,Unprovoked,USA,N,2001-2005
1670,Unprovoked,SOUTH AFRICA,N,2001-2005
1671,Unprovoked,AUSTRALIA,N,2001-2005
1673,Provoked,AUSTRALIA,N,2001-2005
1674,Provoked,USA,N,2001-2005
1675,Unprovoked,USA,N,2001-2005
1677,Unprovoked,USA,N,2001-2005
1678,Unprovoked,USA,N,2001-2005
1680,Provoked,USA,N,2001-2005
1681,Unprovoked,USA,N,2001-2005
1683,Unprovoked,USA,Y,2001-2005
1684,Unprovoked,USA,N,2001-2005
1685,Unprovoked,USA,N,2001-2005
1686,Unprovoked,USA,Y,2001-2005
1688,Unprovoked,USA,N,2001-2005
1689,Unprovoked,USA,N,2001-2005
1690,Unprovoked,USA,N,2001-2005
1691,Unprovoked,USA,N,2001-2005
1692,Unprovoked,USA,N,2001-2005
1693,Unprovoked,USA,N,2001-2005
1694,Unprovoked,USA,N,2001-2005
1695,Unprovoked,USA,N,2001-2005
1696,Unprovoked,USA,N,2001-2005
1697,Unprovoked,USA,N,2001-2005
1698,Unprovoked,USA,N,2001-2005
1699,Unprovoked,USA,N,2001-2005
1702,Unprovoked,USA,N,2001-2005
1705,Unprovoked,USA,N,2001-2005
1706,Unprovoked,USA,N,2001-2005
1707,Unprovoked,USA,N,2001-2005
1708,Provoked,USA,N,2001-2005
1709,Unprovoked,USA,N,2001-2005
1710,Unprovoked,USA,N,2001-2005
1712,Unprovoked,USA,N,2001-2005
1713,Unprovoked,USA,N,2001-2005
1714,Unprovoked,USA,N,2001-2005
1715,Unprovoked,USA,N,2001-2005
1716,Provoked,USA,N,2001-2005
1718,Unprovoked,USA,N,2001-2005
1719,Unprovoked,USA,N,2001-2005
1720,Unprovoked,USA,N,2001-2005
1721,Unprovoked,USA,N,2001-2005
1724,Unprovoked,SOUTH AFRICA,N,2001-2005
1725,Unprovoked,AUSTRALIA,N,2001-2005
1726,Unprovoked,USA,N,2001-2005
1728,Unprovoked,USA,N,2001-2005
1729,Unprovoked,USA,N,2001-2005
1730,Unprovoked,USA,N,2001-2005
1731,Unprovoked,USA,N,2001-2005
1732,Unprovoked,USA,N,2001-2005
1733,Unprovoked,USA,N,2001-2005
1734,Unprovoked,USA,N,2001-2005
1735,Unprovoked,USA,N,2001-2005
1736,Unprovoked,USA,N,2001-2005
1737,Unprovoked,USA,N,2001-2005
1738,Unprovoked,USA,N,2001-2005
1739,Unprovoked,USA,N,2001-2005
1740,Unprovoked,SOUTH AFRICA,N,2001-2005
1741,Provoked,AUSTRALIA,N,2001-2005
1742,Unprovoked,USA,N,2001-2005
1743,Unprovoked,BRAZIL,N,2001-2005
1744,Unprovoked,AUSTRALIA,N,2001-2005
1745,Unprovoked,USA,N,2001-2005
1746,Unprovoked,USA,N,2001-2005
1748,Unprovoked,BRAZIL,Y,2001-2005
1750,Provoked,AUSTRALIA,N,2001-2005
1752,Unprovoked,AUSTRALIA,N,2001-2005
1753,Provoked,AUSTRALIA,N,2001-2005
1755,Provoked,AUSTRALIA,N,2001-2005
1756,Unprovoked,USA,N,2001-2005
1758,Unprovoked,AUSTRALIA,N,1996-2000
1760,Provoked,AUSTRALIA,N,1996-2000
1762,Unprovoked,AUSTRALIA,N,1996-2000
1764,Unprovoked,AUSTRALIA,N,1996-2000
1766,Unprovoked,USA,N,1996-2000
1768,Unprovoked,AUSTRALIA,N,1996-2000
1769,Unprovoked,AUSTRALIA,Y,1996-2000
1770,Unprovoked,USA,N,1996-2000
1771,Provoked,AUSTRALIA,N,1996-2000
1772,Unprovoked,USA,N,1996-2000
1773,Unprovoked,USA,N,1996-2000
1774,Unprovoked,USA,N,1996-2000
1775,Unprovoked,USA,N,1996-2000
1776,Unprovoked,USA,N,1996-2000
1777,Unprovoked,USA,N,1996-2000
1778,Unprovoked,USA,N,1996-2000
1779,Unprovoked,USA,N,1996-2000
1780,Unprovoked,AUSTRALIA,Y,1996-2000
1781,Unprovoked,AUSTRALIA,Y,1996-2000
1782,Provoked,AUSTRALIA,N,1996-2000
1784,Unprovoked,USA,N,1996-2000
1785,Unprovoked,USA,N,1996-2000
1786,Unprovoked,USA,N,1996-2000
1787,Unprovoked,USA,N,1996-2000
1788,Unprovoked,USA,N,1996-2000
1789,Unprovoked,SOUTH AFRICA,N,1996-2000
1791,Unprovoked,USA,N,1996-2000
1794,Unprovoked,USA,N,1996-2000
1795,Unprovoked,USA,Y,1996-2000
1796,Provoked,USA,N,1996-2000
1797,Unprovoked,USA,N,1996-2000
1798,Unprovoked,USA,N,1996-2000
1799,Unprovoked,USA,N,1996-2000
1800,Unprovoked,USA,N,1996-2000
1804,Unprovoked,USA,N,1996-2000
1805,Unprovoked,USA,N,1996-2000
1806,Unprovoked,USA,N,1996-2000
1807,Unprovoked,USA,N,1996-2000
1808,Unprovoked,SOUTH AFRICA,N,1996-2000
1809,Unprovoked,SOUTH AFRICA,N,1996-2000
1810,Unprovoked,SOUTH AFRICA,N,1996-2000
1812,Unprovoked,USA,N,1996-2000
1813,Unprovoked,USA,N,1996-2000
1814,Unprovoked,USA,N,1996-2000
1815,Unprovoked,USA,N,1996-2000
1816,Unprovoked,USA,N,1996-2000
1817,Unprovoked,USA,N,1996-2000
1818,Unprovoked,USA,N,1996-2000
1819,Unprovoked,USA,N,1996-2000
1821,Unprovoked,PAPUA NEW GUINEA,Y,1996-2000
1823,Unprovoked,USA,N,1996-2000
1824,Provoked,USA,N,1996-2000
1825,Unprovoked,USA,N,1996-2000
1826,Unprovoked,USA,N,1996-2000
1827,Unprovoked,USA,N,1996-2000
1828,Unprovoked,USA,N,1996-2000
1832,Unprovoked,PAPUA NEW GUINEA,N,1996-2000
1833,Unprovoked,PAPUA NEW GUINEA,Y,1996-2000
1834,Unprovoked,USA,N,1996-2000
1835,Unprovoked,USA,N,1996-2000
1836,Unprovoked,USA,N,1996-2000
1837,Unprovoked,AUSTRALIA,N,1996-2000
1838,Unprovoked,USA,N,1996-2000
1839,Unprovoked,USA,N,1996-2000
1841,Unprovoked,AUSTRALIA,N,1996-2000
1842,Provoked,AUSTRALIA,N,1996-2000
1843,Provoked,AUSTRALIA,N,1996-2000
1845,Unprovoked,AUSTRALIA,N,1996-2000
1846,Unprovoked,USA,N,1996-2000
1847,Unprovoked,USA,N,1996-2000
1848,Unprovoked,SOUTH AFRICA,N,1996-2000
1851,Unprovoked,AUSTRALIA,N,1996-2000
1854,Provoked,USA,N,1996-2000
1858,Unprovoked,BRAZIL,N,1996-2000
1861,Unprovoked,USA,N,1996-2000
1862,Unprovoked,USA,N,1996-2000
1863,Unprovoked,USA,N,1996-2000
1864,Unprovoked,USA,N,1996-2000
1865,Unprovoked,SOUTH AFRICA,N,1996-2000
1866,Unprovoked,BRAZIL,N,1996-2000
1869,Unprovoked,USA,N,1996-2000
1870,Unprovoked,USA,N,1996-2000
1871,Unprovoked,USA,N,1996-2000
1872,Unprovoked,USA,N,1996-2000
1873,Unprovoked,USA,N,1996-2000
1875,Unprovoked,USA,N,1996-2000
1876,Unprovoked,USA,N,1996-2000
1877,Unprovoked,USA,N,1996-2000
1878,Provoked,USA,N,1996-2000
1879,Unprovoked,USA,N,1996-2000
1880,Unprovoked,USA,N,1996-2000
1881,Unprovoked,USA,N,1996-2000
1883,Unprovoked,USA,N,1996-2000
1884,Unprovoked,USA,N,1996-2000
1885,Unprovoked,USA,N,1996-2000
1887,Unprovoked,SOUTH AFRICA,N,1996-2000
1888,Unprovoked,USA,N,1996-2000
1889,Unprovoked,USA,N,1996-2000
1890,Unprovoked,SOUTH AFRICA,Y,1996-2000
1891,Unprovoked,USA,N,1996-2000
1892,Unprovoked,USA,N,1996-2000
1893,Unprovoked,SOUTH AFRICA,N,1996-2000
1894,Unprovoked,USA,N,1996-2000
1895,Unprovoked,USA,N,1996-2000
1896,Unprovoked,USA,N,1996-2000
1897,Unprovoked,USA,N,1996-2000
1898,Unprovoked,AUSTRALIA,Y,1996-2000
1899,Unprovoked,BRAZIL,N,1996-2000
1902,Unprovoked,USA,N,1996-2000
1904,Provoked,BRAZIL,N,1996-2000
1905,Unprovoked,USA,Y,1996-2000
1908,Unprovoked,USA,N,1996-2000
1909,Unprovoked,USA,N,1996-2000
1910,Provoked,USA,N,1996-2000
1911,Unprovoked,AUSTRALIA,N,1996-2000
1912,Unprovoked,USA,N,1996-2000
1914,Unprovoked,SOUTH AFRICA,N,1996-2000
1918,Unprovoked,SOUTH AFRICA,N,1996-2000
1920,Provoked,USA,N,1996-2000
1921,Unprovoked,AUSTRALIA,N,1996-2000
1922,Unprovoked,SOUTH AFRICA,N,1996-2000
1923,Unprovoked,SOUTH AFRICA,N,1996-2000
1924,Unprovoked,AUSTRALIA,N,1996-2000
1925,Unprovoked,USA,Y,1996-2000
1926,Unprovoked,USA,N,1996-2000
1927,Unprovoked,USA,N,1996-2000
1928,Unprovoked,USA,N,1996-2000
1930,Unprovoked,BRAZIL,Y,1996-2000
1931,Unprovoked,USA,N,1996-2000
1932,Unprovoked,SOUTH AFRICA,N,1996-2000
1933,Unprovoked,USA,N,1996-2000
1934,Unprovoked,BRAZIL,N,1996-2000
1936,Unprovoked,USA,N,1996-2000
1937,Unprovoked,USA,N,1996-2000
1938,Unprovoked,USA,N,1996-2000
1939,Unprovoked,SOUTH AFRICA,N,1996-2000
1940,Unprovoked,USA,N,1996-2000
1942,Unprovoked,USA,N,1996-2000
1944,Unprovoked,USA,N,1996-2000
1945,Unprovoked,USA,N,1996-2000
1947,Unprovoked,USA,N,1996-2000
1948,Provoked,SOUTH AFRICA,N,1996-2000
1949,Unprovoked,SOUTH AFRICA,N,1996-2000
1950,Unprovoked,SOUTH AFRICA,N,1996-2000
1951,Unprovoked,BRAZIL,N,1996-2000
1952,Unprovoked,USA,N,1996-2000
1953,Unprovoked,SOUTH AFRICA,N,1996-2000
1954,Unprovoked,SOUTH AFRICA,N,1996-2000
1955,Unprovoked,SOUTH AFRICA,N,1996-2000
1956,Unprovoked,AUSTRALIA,Y,1996-2000
1957,Unprovoked,SOUTH AFRICA,Y,1996-2000
1958,Unprovoked,USA,N,1996-2000
1959,Unprovoked,SOUTH AFRICA,N,1996-2000
1960,Unprovoked,SOUTH AFRICA,N,1996-2000
1961,Unprovoked,SOUTH AFRICA,N,1996-2000
1962,Unprovoked,SOUTH AFRICA,N,1996-2000
1963,Unprovoked,USA,N,1996-2000
1964,Unprovoked,USA,N,1996-2000
1965,Unprovoked,USA,N,1996-2000
1966,Unprovoked,SOUTH AFRICA,N,1996-2000
1968,Unprovoked,USA,N,1996-2000
1969,Provoked,USA,N,1996-2000
1970,Unprovoked,BRAZIL,Y,1996-2000
1972,Unprovoked,USA,N,1996-2000
1973,Unprovoked,SOUTH AFRICA,N,1996-2000
1974,Unprovoked,USA,N,1996-2000
1975,Unprovoked,USA,N,1996-2000
1979,Unprovoked,SOUTH AFRICA,N,1996-2000
1980,Unprovoked,AUSTRALIA,N,1996-2000
1982,Unprovoked,SOUTH AFRICA,Y,1996-2000
1984,Unprovoked,USA,N,1996-2000
1985,Unprovoked,SOUTH AFRICA,Y,1996-2000
1986,Unprovoked,SOUTH AFRICA,N,1996-2000
1988,Unprovoked,USA,N,1996-2000
1989,Unprovoked,AUSTRALIA,N,1996-2000
1990,Unprovoked,USA,N,1996-2000
1992,Unprovoked,AUSTRALIA,N,1996-2000
1993,Unprovoked,USA,N,1996-2000
1994,Unprovoked,USA,N,1996-2000
1995,Unprovoked,USA,N,1996-2000
1996,Provoked,SOUTH AFRICA,N,1996-2000
1997,Unprovoked,USA,N,1996-2000
1998,Unprovoked,BRAZIL,Y,1996-2000
1999,Unprovoked,USA,N,1996-2000
2000,Unprovoked,USA,N,1996-2000
2001,Unprovoked,USA,N,1996-2000
2002,Unprovoked,USA,N,1996-2000
2003,Unprovoked,USA,N,1996-2000
2004,Unprovoked,USA,N,1996-2000
2007,Unprovoked,USA,N,1996-2000
2010,Unprovoked,USA,N,1996-2000
2011,Unprovoked,USA,N,1996-2000
2012,Unprovoked,USA,N,1996-2000
2013,Unprovoked,USA,N,1996-2000
2014,Unprovoked,USA,N,1996-2000
2015,Unprovoked,USA,N,1996-2000
2016,Unprovoked,AUSTRALIA,N,1996-2000
2017,Unprovoked,SOUTH AFRICA,Y,1996-2000
2018,Unprovoked,BRAZIL,N,1996-2000
2019,Unprovoked,USA,N,1996-2000
2021,Unprovoked,BRAZIL,N,1996-2000
2022,Unprovoked,USA,N,1996-2000
2024,Unprovoked,USA,N,1996-2000
2026,Unprovoked,USA,N,1996-2000
2027,Unprovoked,USA,N,1996-2000
2028,Unprovoked,USA,N,1996-2000
2029,Unprovoked,USA,N,1996-2000
2032,Unprovoked,BRAZIL,N,1996-2000
2033,Unprovoked,AUSTRALIA,N,1996-2000
2034,Unprovoked,AUSTRALIA,N,1996-2000
2037,Provoked,AUSTRALIA,N,1996-2000
2038,Unprovoked,AUSTRALIA,N,1996-2000
2039,Unprovoked,AUSTRALIA,Y,1996-2000
2041,Provoked,AUSTRALIA,N,1996-2000
2043,Unprovoked,SOUTH AFRICA,N,1996-2000
2046,Unprovoked,USA,N,1996-2000
2047,Unprovoked,USA,N,1996-2000
2048,Unprovoked,BRAZIL,N,1996-2000
2049,Unprovoked,BRAZIL,N,1996-2000
2051,Unprovoked,USA,N,1996-2000
2052,Unprovoked,USA,N,1996-2000
2053,Unprovoked,USA,N,1996-2000
2054,Unprovoked,BRAZIL,N,1996-2000
2055,Unprovoked,USA,N,1996-2000
2057,Unprovoked,USA,N,1996-2000
2058,Unprovoked,USA,N,1996-2000
2059,Unprovoked,USA,N,1996-2000
2061,Provoked,SOUTH AFRICA,N,1996-2000
2062,Unprovoked,USA,N,1996-2000
2063,Unprovoked,USA,N,1996-2000
2064,Unprovoked,USA,N,1996-2000
2065,Unprovoked,USA,N,1996-2000
2068,Unprovoked,USA,N,1996-2000
2069,Unprovoked,USA,N,1996-2000
2071,Unprovoked,USA,N,1996-2000
2072,Unprovoked,USA,N,1996-2000
2074,Unprovoked,USA,N,1996-2000
2075,Unprovoked,AUSTRALIA,N,1996-2000
2076,Unprovoked,SOUTH AFRICA,N,1996-2000
2077,Unprovoked,SOUTH AFRICA,N,1996-2000
2079,Unprovoked,USA,N,1996-2000
2081,Unprovoked,USA,N,1996-2000
2083,Unprovoked,AUSTRALIA,N,1996-2000
2084,Unprovoked,AUSTRALIA,N,1996-2000
2085,Unprovoked,BRAZIL,Y,1996-2000
2086,Unprovoked,AUSTRALIA,N,1996-2000
2087,Unprovoked,AUSTRALIA,N,1996-2000
2088,Unprovoked,AUSTRALIA,N,1996-2000
2089,Provoked,USA,N,1996-2000
2090,Unprovoked,PAPUA NEW GUINEA,Y,1996-2000
2091,Unprovoked,PAPUA NEW GUINEA,N,1996-2000
2092,Unprovoked,PAPUA NEW GUINEA,Y,1996-2000
2094,Unprovoked,AUSTRALIA,N,1996-2000
2095,Provoked,USA,N,1996-2000
2096,Unprovoked,AUSTRALIA,N,1996-2000
2097,Unprovoked,USA,N,1996-2000
2099,Provoked,AUSTRALIA,N,1996-2000
2102,Unprovoked,USA,N,1996-2000
2107,Unprovoked,AUSTRALIA,N,1991-1995
2108,Unprovoked,USA,N,1991-1995
2109,Unprovoked,USA,N,1991-1995
2110,Unprovoked,AUSTRALIA,N,1991-1995
2111,Unprovoked,USA,N,1991-1995
2112,Unprovoked,USA,N,1991-1995
2113,Unprovoked,USA,N,1991-1995
2114,Unprovoked,USA,N,1991-1995
2115,Unprovoked,USA,N,1991-1995
2116,Unprovoked,USA,N,1991-1995
2118,Unprovoked,USA,Y,1991-1995
2119,Unprovoked,AUSTRALIA,Y,1991-1995
2120,Unprovoked,USA,N,1991-1995
2122,Unprovoked,USA,N,1991-1995
2123,Unprovoked,USA,N,1991-1995
2124,Unprovoked,BRAZIL,N,1991-1995
2125,Unprovoked,USA,N,1991-1995
2126,Unprovoked,USA,N,1991-1995
2127,Unprovoked,USA,N,1991-1995
2128,Unprovoked,USA,N,1991-1995
2129,Unprovoked,USA,N,1991-1995
2130,Unprovoked,USA,N,1991-1995
2132,Unprovoked,USA,N,1991-1995
2134,Unprovoked,USA,N,1991-1995
2135,Unprovoked,USA,N,1991-1995
2136,Unprovoked,USA,N,1991-1995
2139,Unprovoked,USA,N,1991-1995
2140,Unprovoked,USA,N,1991-1995
2141,Unprovoked,USA,N,1991-1995
2142,Unprovoked,USA,N,1991-1995
2143,Unprovoked,USA,N,1991-1995
2144,Unprovoked,USA,N,1991-1995
2145,Unprovoked,USA,N,1991-1995
2147,Unprovoked,BRAZIL,Y,1991-1995
2148,Unprovoked,USA,N,1991-1995
2149,Provoked,USA,N,1991-1995
2150,Provoked,USA,N,1991-1995
2151,Unprovoked,USA,N,1991-1995
2152,Unprovoked,USA,N,1991-1995
2153,Unprovoked,USA,N,1991-1995
2154,Unprovoked,USA,N,1991-1995
2155,Unprovoked,USA,N,1991-1995
2156,Unprovoked,USA,N,1991-1995
2157,Unprovoked,USA,N,1991-1995
2161,Unprovoked,USA,N,1991-1995
2166,Unprovoked,USA,N,1991-1995
2167,Unprovoked,AUSTRALIA,N,1991-1995
2169,Unprovoked,AUSTRALIA,N,1991-1995
2170,Unprovoked,AUSTRALIA,N,1991-1995
2171,Unprovoked,BRAZIL,Y,1991-1995
2172,Unprovoked,SOUTH AFRICA,N,1991-1995
2174,Unprovoked,SOUTH AFRICA,Y,1991-1995
2175,Unprovoked,BRAZIL,N,1991-1995
2177,Provoked,AUSTRALIA,N,1991-1995
2180,Unprovoked,SOUTH AFRICA,N,1991-1995
2181,Unprovoked,USA,N,1991-1995
2182,Unprovoked,BRAZIL,N,1991-1995
2183,Unprovoked,BRAZIL,N,1991-1995
2186,Unprovoked,USA,Y,1991-1995
2187,Unprovoked,BRAZIL,Y,1991-1995
2188,Unprovoked,SOUTH AFRICA,N,1991-1995
2189,Unprovoked,USA,N,1991-1995
2190,Unprovoked,USA,N,1991-1995
2191,Unprovoked,BRAZIL,N,1991-1995
2192,Unprovoked,BRAZIL,N,1991-1995
2193,Provoked,USA,N,1991-1995
2194,Unprovoked,USA,N,1991-1995
2195,Unprovoked,USA,N,1991-1995
2196,Unprovoked,USA,N,1991-1995
2197,Unprovoked,USA,Y,1991-1995
2198,Unprovoked,USA,N,1991-1995
2200,Unprovoked,BRAZIL,N,1991-1995
2201,Unprovoked,BRAZIL,Y,1991-1995
2203,Unprovoked,SOUTH AFRICA,Y,1991-1995
2204,Unprovoked,SOUTH AFRICA,N,1991-1995
2205,Unprovoked,BRAZIL,N,1991-1995
2206,Unprovoked,USA,N,1991-1995
2208,Unprovoked,USA,N,1991-1995
2209,Unprovoked,USA,N,1991-1995
2210,Unprovoked,USA,N,1991-1995
2211,Unprovoked,USA,N,1991-1995
2212,Unprovoked,USA,N,1991-1995
2213,Unprovoked,USA,N,1991-1995
2217,Unprovoked,USA,N,1991-1995
2218,Unprovoked,SOUTH AFRICA,Y,1991-1995
2221,Provoked,USA,N,1991-1995
2222,Unprovoked,BRAZIL,N,1991-1995
2223,Unprovoked,SOUTH AFRICA,N,1991-1995
2224,Unprovoked,USA,N,1991-1995
2225,Provoked,USA,N,1991-1995
2226,Unprovoked,SOUTH AFRICA,N,1991-1995
2228,Unprovoked,BRAZIL,N,1991-1995
2229,Unprovoked,USA,Y,1991-1995
2230,Unprovoked,SOUTH AFRICA,N,1991-1995
2231,Provoked,AUSTRALIA,N,1991-1995
2232,Unprovoked,AUSTRALIA,N,1991-1995
2233,Unprovoked,SOUTH AFRICA,N,1991-1995
2235,Unprovoked,USA,N,1991-1995
2236,Unprovoked,USA,Y,1991-1995
2237,Unprovoked,USA,N,1991-1995
2238,Unprovoked,AUSTRALIA,Y,1991-1995
2239,Unprovoked,USA,N,1991-1995
2241,Unprovoked,USA,N,1991-1995
2242,Unprovoked,USA,N,1991-1995
2243,Provoked,USA,N,1991-1995
2244,Unprovoked,USA,N,1991-1995
2246,Unprovoked,SOUTH AFRICA,N,1991-1995
2249,Unprovoked,USA,N,1991-1995
2250,Unprovoked,USA,N,1991-1995
2253,Unprovoked,USA,N,1991-1995
2254,Unprovoked,USA,N,1991-1995
2255,Provoked,USA,N,1991-1995
2256,Unprovoked,USA,N,1991-1995
2257,Provoked,AUSTRALIA,N,1991-1995
2258,Unprovoked,USA,N,1991-1995
2261,Unprovoked,SOUTH AFRICA,N,1991-1995
2262,Unprovoked,USA,N,1991-1995
2263,Unprovoked,BRAZIL,Y,1991-1995
2267,Unprovoked,USA,N,1991-1995
2268,Unprovoked,AUSTRALIA,Y,1991-1995
2269,Unprovoked,AUSTRALIA,Y,1991-1995
2271,Unprovoked,USA,N,1991-1995
2275,Unprovoked,BRAZIL,N,1991-1995
2276,Unprovoked,USA,N,1991-1995
2278,Unprovoked,USA,N,1991-1995
2279,Unprovoked,USA,N,1991-1995
2283,Provoked,AUSTRALIA,N,1991-1995
2284,Unprovoked,BRAZIL,N,1991-1995
2285,Unprovoked,AUSTRALIA,N,1991-1995
2287,Unprovoked,USA,N,1991-1995
2291,Unprovoked,USA,N,1991-1995
2292,Unprovoked,USA,N,1991-1995
2293,Unprovoked,USA,N,1991-1995
2294,Unprovoked,USA,N,1991-1995
2295,Unprovoked,USA,N,1991-1995
2296,Unprovoked,USA,N,1991-1995
2297,Provoked,USA,N,1991-1995
2299,Unprovoked,USA,N,1991-1995
2300,Unprovoked,USA,N,1991-1995
2301,Unprovoked,USA,Y,1991-1995
2302,Unprovoked,USA,N,1991-1995
2303,Unprovoked,USA,N,1991-1995
2304,Unprovoked,AUSTRALIA,N,1991-1995
2305,Unprovoked,BRAZIL,N,1991-1995
2306,Unprovoked,AUSTRALIA,Y,1991-1995
2307,Unprovoked,BRAZIL,N,1991-1995
2308,Unprovoked,USA,N,1991-1995
2309,Unprovoked,USA,N,1991-1995
2310,Unprovoked,BRAZIL,Y,1991-1995
2311,Unprovoked,USA,N,1991-1995
2313,Unprovoked,AUSTRALIA,N,1991-1995
2315,Unprovoked,USA,N,1991-1995
2316,Provoked,USA,N,1991-1995
2319,Unprovoked,USA,N,1991-1995
2320,Unprovoked,BRAZIL,N,1991-1995
2321,Unprovoked,BRAZIL,N,1991-1995
2322,Unprovoked,BRAZIL,Y,1991-1995
2331,Unprovoked,SOUTH AFRICA,N,1991-1995
2332,Unprovoked,USA,N,1991-1995
2333,Unprovoked,AUSTRALIA,N,1991-1995
2336,Unprovoked,USA,N,1991-1995
2337,Unprovoked,USA,Y,1991-1995
2341,Unprovoked,AUSTRALIA,N,1991-1995
2342,Unprovoked,SOUTH AFRICA,N,1991-1995
2343,Unprovoked,SOUTH AFRICA,N,1991-1995
2348,Unprovoked,USA,N,1991-1995
2349,Unprovoked,USA,Y,1991-1995
2350,Unprovoked,USA,N,1991-1995
2351,Unprovoked,USA,Y,1991-1995
2352,Provoked,USA,N,1991-1995
2353,Unprovoked,AUSTRALIA,N,1991-1995
2354,Unprovoked,USA,N,1991-1995
2355,Unprovoked,USA,N,1991-1995
2357,Unprovoked,AUSTRALIA,Y,1991-1995
2358,Provoked,AUSTRALIA,N,1991-1995
2359,Unprovoked,USA,N,1991-1995
2360,Unprovoked,USA,N,1991-1995
2361,Provoked,USA,N,1991-1995
2363,Unprovoked,USA,N,1991-1995
2364,Unprovoked,USA,N,1991-1995
2365,Unprovoked,USA,N,1991-1995
2367,Unprovoked,USA,N,1991-1995
2371,Unprovoked,USA,N,1991-1995
2372,Unprovoked,USA,N,1991-1995
2374,Unprovoked,USA,N,1991-1995
2375,Unprovoked,SOUTH AFRICA,N,1991-1995
2376,Provoked,BRAZIL,N,1991-1995
2377,Provoked,USA,N,1991-1995
2378,Unprovoked,USA,N,1991-1995
2379,Unprovoked,USA,N,1991-1995
2380,Unprovoked,AUSTRALIA,N,1991-1995
2381,Unprovoked,USA,N,1991-1995
2382,Unprovoked,SOUTH AFRICA,N,1991-1995
2383,Unprovoked,AUSTRALIA,N,1991-1995
2384,Unprovoked,AUSTRALIA,N,1991-1995
2385,Unprovoked,AUSTRALIA,N,1991-1995
